
{
  "header": {
    "reportVersion": 1,
    "event": "Allocation failed - JavaScript heap out of memory",
    "trigger": "FatalError",
    "filename": "report.20201021.172050.9492.0.001.json",
    "dumpEventTime": "2020-10-21T17:20:50Z",
    "dumpEventTimeStamp": "1603293650545",
    "processId": 9492,
    "cwd": "C:\\Users\\matteo.zanda\\OneDrive - Accenture\\JOBLAB\\server-fake-joblab",
    "commandLine": [
      "node",
      "C:\\Users\\matteo.zanda\\OneDrive - Accenture\\JOBLAB\\server-fake-joblab\\node_modules\\.bin\\\\..\\json-server\\bin\\index.js",
      "./server/db.js",
      "-c",
      "./server/config"
    ],
    "nodejsVersion": "v12.14.1",
    "wordSize": 64,
    "arch": "x64",
    "platform": "win32",
    "componentVersions": {
      "node": "12.14.1",
      "v8": "7.7.299.13-node.16",
      "uv": "1.33.1",
      "zlib": "1.2.11",
      "brotli": "1.0.7",
      "ares": "1.15.0",
      "modules": "72",
      "nghttp2": "1.40.0",
      "napi": "5",
      "llhttp": "2.0.1",
      "http_parser": "2.8.0",
      "openssl": "1.1.1d",
      "cldr": "35.1",
      "icu": "64.2",
      "tz": "2019c",
      "unicode": "12.1"
    },
    "release": {
      "name": "node",
      "lts": "Erbium",
      "headersUrl": "https://nodejs.org/download/release/v12.14.1/node-v12.14.1-headers.tar.gz",
      "sourceUrl": "https://nodejs.org/download/release/v12.14.1/node-v12.14.1.tar.gz",
      "libUrl": "https://nodejs.org/download/release/v12.14.1/win-x64/node.lib"
    },
    "osName": "Windows_NT",
    "osRelease": "10.0.18363",
    "osVersion": "Windows 10 Enterprise",
    "osMachine": "x86_64",
    "cpus": [
      {
        "model": "Intel(R) Core(TM) i5-8350U CPU @ 1.70GHz",
        "speed": 1896,
        "user": 3441031,
        "nice": 0,
        "sys": 4432625,
        "idle": 13172796,
        "irq": 439703
      },
      {
        "model": "Intel(R) Core(TM) i5-8350U CPU @ 1.70GHz",
        "speed": 1896,
        "user": 2689796,
        "nice": 0,
        "sys": 2617109,
        "idle": 15739156,
        "irq": 101296
      },
      {
        "model": "Intel(R) Core(TM) i5-8350U CPU @ 1.70GHz",
        "speed": 1896,
        "user": 3606031,
        "nice": 0,
        "sys": 4037750,
        "idle": 13402281,
        "irq": 215890
      },
      {
        "model": "Intel(R) Core(TM) i5-8350U CPU @ 1.70GHz",
        "speed": 1896,
        "user": 3774828,
        "nice": 0,
        "sys": 3401937,
        "idle": 13869265,
        "irq": 131875
      },
      {
        "model": "Intel(R) Core(TM) i5-8350U CPU @ 1.70GHz",
        "speed": 1896,
        "user": 3282640,
        "nice": 0,
        "sys": 3683343,
        "idle": 14080046,
        "irq": 182593
      },
      {
        "model": "Intel(R) Core(TM) i5-8350U CPU @ 1.70GHz",
        "speed": 1896,
        "user": 3140640,
        "nice": 0,
        "sys": 3136921,
        "idle": 14768468,
        "irq": 105312
      },
      {
        "model": "Intel(R) Core(TM) i5-8350U CPU @ 1.70GHz",
        "speed": 1896,
        "user": 4164203,
        "nice": 0,
        "sys": 3899781,
        "idle": 12982046,
        "irq": 163671
      },
      {
        "model": "Intel(R) Core(TM) i5-8350U CPU @ 1.70GHz",
        "speed": 1896,
        "user": 4146078,
        "nice": 0,
        "sys": 3366703,
        "idle": 13533250,
        "irq": 88109
      }
    ],
    "networkInterfaces": [
      {
        "name": "Ethernet",
        "internal": false,
        "mac": "b4:b6:86:fa:45:1d",
        "address": "fe80::589c:55a0:bdc4:474d",
        "netmask": "ffff:ffff:ffff:ffff::",
        "family": "IPv6",
        "scopeid": 21
      },
      {
        "name": "Ethernet",
        "internal": false,
        "mac": "b4:b6:86:fa:45:1d",
        "address": "192.168.178.20",
        "netmask": "255.255.255.0",
        "family": "IPv4"
      },
      {
        "name": "Connessione alla rete locale (LAN)",
        "internal": false,
        "mac": "00:ff:ac:18:6b:8b",
        "address": "fe80::c8c8:828:a71b:8c2f",
        "netmask": "ffff:ffff:ffff:ffff::",
        "family": "IPv6",
        "scopeid": 18
      },
      {
        "name": "Connessione alla rete locale (LAN)",
        "internal": false,
        "mac": "00:ff:ac:18:6b:8b",
        "address": "172.27.237.166",
        "netmask": "255.255.252.0",
        "family": "IPv4"
      },
      {
        "name": "Loopback Pseudo-Interface 1",
        "internal": true,
        "mac": "00:00:00:00:00:00",
        "address": "::1",
        "netmask": "ffff:ffff:ffff:ffff:ffff:ffff:ffff:ffff",
        "family": "IPv6",
        "scopeid": 0
      },
      {
        "name": "Loopback Pseudo-Interface 1",
        "internal": true,
        "mac": "00:00:00:00:00:00",
        "address": "127.0.0.1",
        "netmask": "255.0.0.0",
        "family": "IPv4"
      }
    ],
    "host": "CPX-JOK98U30R3I"
  },
  "javascriptStack": {
    "message": "No stack.",
    "stack": [
      "Unavailable."
    ]
  },
  "nativeStack": [
    {
      "pc": "0x00007ff6fdf71759",
      "symbol": "std::basic_ostream<char,std::char_traits<char> >::operator<<+10873"
    },
    {
      "pc": "0x00007ff6fdf75b7c",
      "symbol": "std::basic_ostream<char,std::char_traits<char> >::operator<<+28316"
    },
    {
      "pc": "0x00007ff6fdf74b38",
      "symbol": "std::basic_ostream<char,std::char_traits<char> >::operator<<+24152"
    },
    {
      "pc": "0x00007ff6fe06433b",
      "symbol": "v8::base::CPU::has_sse+37723"
    },
    {
      "pc": "0x00007ff6fe868c5e",
      "symbol": "v8::Isolate::ReportExternalAllocationLimitReached+94"
    },
    {
      "pc": "0x00007ff6fe850ca1",
      "symbol": "v8::SharedArrayBuffer::Externalize+833"
    },
    {
      "pc": "0x00007ff6fe71e56c",
      "symbol": "v8::internal::Heap::EphemeronKeyWriteBarrierFromCode+1436"
    },
    {
      "pc": "0x00007ff6fe729910",
      "symbol": "v8::internal::Heap::ProtectUnprotectedMemoryChunks+1312"
    },
    {
      "pc": "0x00007ff6fe726444",
      "symbol": "v8::internal::Heap::PageFlagsAreConsistent+3204"
    },
    {
      "pc": "0x00007ff6fe71bcd3",
      "symbol": "v8::internal::Heap::CollectGarbage+1283"
    },
    {
      "pc": "0x00007ff6fe71a4a4",
      "symbol": "v8::internal::Heap::AddRetainedMap+2356"
    },
    {
      "pc": "0x00007ff6fe73b775",
      "symbol": "v8::internal::Factory::NewFillerObject+53"
    },
    {
      "pc": "0x00007ff6fe4a78d7",
      "symbol": "v8::internal::interpreter::JumpTableTargetOffsets::iterator::operator=+3687"
    },
    {
      "pc": "0x00007ff6fec9463d",
      "symbol": "v8::internal::SetupIsolateDelegate::SetupHeap+567949"
    },
    {
      "pc": "0x000001b83e33587c",
      "symbol": ""
    }
  ],
  "javascriptHeap": {
    "totalMemory": 2228260864,
    "totalCommittedMemory": 2228260864,
    "usedMemory": 2223119896,
    "availableMemory": 2324552,
    "memoryLimit": 2197815296,
    "heapSpaces": {
      "read_only_space": {
        "memorySize": 262144,
        "committedMemory": 262144,
        "capacity": 261872,
        "used": 32296,
        "available": 229576
      },
      "new_space": {
        "memorySize": 2097152,
        "committedMemory": 2097152,
        "capacity": 1047488,
        "used": 0,
        "available": 1047488
      },
      "old_space": {
        "memorySize": 1620422656,
        "committedMemory": 1620422656,
        "capacity": 1618349696,
        "used": 1618349696,
        "available": 0
      },
      "code_space": {
        "memorySize": 425984,
        "committedMemory": 425984,
        "capacity": 210784,
        "used": 210784,
        "available": 0
      },
      "map_space": {
        "memorySize": 1052672,
        "committedMemory": 1052672,
        "capacity": 593040,
        "used": 593040,
        "available": 0
      },
      "large_object_space": {
        "memorySize": 603951104,
        "committedMemory": 603951104,
        "capacity": 603930528,
        "used": 603930528,
        "available": 0
      },
      "code_large_object_space": {
        "memorySize": 49152,
        "committedMemory": 49152,
        "capacity": 3552,
        "used": 3552,
        "available": 0
      },
      "new_large_object_space": {
        "memorySize": 0,
        "committedMemory": 0,
        "capacity": 1047488,
        "used": 0,
        "available": 1047488
      }
    }
  },
  "resourceUsage": {
    "userCpuSeconds": 60.343,
    "kernelCpuSeconds": 3.375,
    "cpuConsumptionPercent": 219.717,
    "maxRss": 3112042496,
    "pageFaults": {
      "IORequired": 1220524,
      "IONotRequired": 0
    },
    "fsActivity": {
      "reads": 1640,
      "writes": 115
    }
  },
  "libuv": [
  ],
  "environmentVariables": {
    "=C:": "C:\\Users\\matteo.zanda\\OneDrive - Accenture\\JOBLAB\\server-fake-joblab",
    "ACLOCAL_PATH": "C:\\Program Files\\Git\\mingw64\\share\\aclocal;C:\\Program Files\\Git\\usr\\share\\aclocal",
    "ALLUSERSPROFILE": "C:\\ProgramData",
    "APPDATA": "C:\\Users\\matteo.zanda\\AppData\\Roaming",
    "ChocolateyInstall": "C:\\ProgramData\\chocolatey",
    "ChocolateyLastPathUpdate": "132246940093180401",
    "COMMONPROGRAMFILES": "C:\\Program Files\\Common Files",
    "CommonProgramFiles(x86)": "C:\\Program Files (x86)\\Common Files",
    "CommonProgramW6432": "C:\\Program Files\\Common Files",
    "COMPUTERNAME": "CPX-JOK98U30R3I",
    "COMSPEC": "C:\\WINDOWS\\system32\\cmd.exe",
    "CONFIG_SITE": "C:/Program Files/Git/mingw64/etc/config.site",
    "DISPLAY": "needs-to-be-defined",
    "dp0": "C:\\Users\\matteo.zanda\\OneDrive - Accenture\\JOBLAB\\server-fake-joblab\\node_modules\\.bin\\",
    "DriverData": "C:\\Windows\\System32\\Drivers\\DriverData",
    "EAP7_HOME": "C:\\Users\\matteo.zanda\\jboss-eap-7.1",
    "EXEPATH": "C:\\Program Files\\Git",
    "FPS_BROWSER_APP_PROFILE_STRING": "Internet Explorer",
    "FPS_BROWSER_USER_PROFILE_STRING": "Default",
    "HOME": "C:\\Users\\matteo.zanda",
    "HOMEDRIVE": "C:",
    "HOMEPATH": "\\Users\\matteo.zanda",
    "HOSTNAME": "CPX-JOK98U30R3I",
    "INFOPATH": "C:\\Program Files\\Git\\usr\\local\\info;C:\\Program Files\\Git\\usr\\share\\info;C:\\Program Files\\Git\\usr\\info;C:\\Program Files\\Git\\share\\info",
    "INIT_CWD": "C:\\Users\\matteo.zanda\\OneDrive - Accenture\\JOBLAB\\server-fake-joblab",
    "JAVA6_HOME": "C:\\Users\\matteo.zanda\\Desktop\\Java-6_Jboss711\\jdk1.6.0_45",
    "JAVA_HOME": "C:\\Program Files\\Java\\jdk1.8.0_231",
    "JMETER_HOME": "C:\\JMeter",
    "LANG": "it_IT.UTF-8",
    "LOCALAPPDATA": "C:\\Users\\matteo.zanda\\AppData\\Local",
    "LOGONSERVER": "\\\\AMRDC4216",
    "M2_HOME": "C:\\apache-maven-3.5.4",
    "MANPATH": "C:\\Program Files\\Git\\mingw64\\local\\man;C:\\Program Files\\Git\\mingw64\\share\\man;C:\\Program Files\\Git\\usr\\local\\man;C:\\Program Files\\Git\\usr\\share\\man;C:\\Program Files\\Git\\usr\\man;C:\\Program Files\\Git\\share\\man",
    "MAVEN_HOME": "C:\\apache-maven-3.5.4",
    "MINGW_CHOST": "x86_64-w64-mingw32",
    "MINGW_PACKAGE_PREFIX": "mingw-w64-x86_64",
    "MINGW_PREFIX": "C:/Program Files/Git/mingw64",
    "MSYSTEM": "MINGW64",
    "MSYSTEM_CARCH": "x86_64",
    "MSYSTEM_CHOST": "x86_64-w64-mingw32",
    "MSYSTEM_PREFIX": "C:/Program Files/Git/mingw64",
    "NODE": "C:\\Program Files\\nodejs\\node.exe",
    "NodeJS": "C:\\Program Files\\nodejs",
    "npm_config_access": "",
    "npm_config_allow_same_version": "",
    "npm_config_also": "",
    "npm_config_always_auth": "",
    "npm_config_argv": "{\"remain\":[],\"cooked\":[\"start\"],\"original\":[\"start\"]}",
    "npm_config_audit": "true",
    "npm_config_audit_level": "low",
    "npm_config_auth_type": "legacy",
    "npm_config_before": "",
    "npm_config_bin_links": "true",
    "npm_config_browser": "",
    "npm_config_ca": "",
    "npm_config_cache": "C:\\Users\\matteo.zanda\\AppData\\Roaming\\npm-cache",
    "npm_config_cache_lock_retries": "10",
    "npm_config_cache_lock_stale": "60000",
    "npm_config_cache_lock_wait": "10000",
    "npm_config_cache_max": "Infinity",
    "npm_config_cache_min": "10",
    "npm_config_cafile": "",
    "npm_config_cert": "",
    "npm_config_cidr": "",
    "npm_config_color": "true",
    "npm_config_commit_hooks": "true",
    "npm_config_depth": "Infinity",
    "npm_config_description": "true",
    "npm_config_dev": "",
    "npm_config_dry_run": "",
    "npm_config_editor": "notepad.exe",
    "npm_config_engine_strict": "",
    "npm_config_fetch_retries": "2",
    "npm_config_fetch_retry_factor": "10",
    "npm_config_fetch_retry_maxtimeout": "60000",
    "npm_config_fetch_retry_mintimeout": "10000",
    "npm_config_force": "",
    "npm_config_format_package_lock": "true",
    "npm_config_fund": "true",
    "npm_config_git": "git",
    "npm_config_git_tag_version": "true",
    "npm_config_global": "",
    "npm_config_globalconfig": "C:\\Users\\matteo.zanda\\AppData\\Roaming\\npm\\etc\\npmrc",
    "npm_config_globalignorefile": "C:\\Users\\matteo.zanda\\AppData\\Roaming\\npm\\etc\\npmignore",
    "npm_config_global_style": "",
    "npm_config_group": "",
    "npm_config_ham_it_up": "",
    "npm_config_heading": "npm",
    "npm_config_https_proxy": "",
    "npm_config_if_present": "",
    "npm_config_ignore_prepublish": "",
    "npm_config_ignore_scripts": "",
    "npm_config_init_author_email": "",
    "npm_config_init_author_name": "",
    "npm_config_init_author_url": "",
    "npm_config_init_license": "ISC",
    "npm_config_init_module": "C:\\Users\\matteo.zanda\\.npm-init.js",
    "npm_config_init_version": "1.0.0",
    "npm_config_json": "",
    "npm_config_key": "",
    "npm_config_legacy_bundling": "",
    "npm_config_link": "",
    "npm_config_local_address": "",
    "npm_config_loglevel": "notice",
    "npm_config_logs_max": "10",
    "npm_config_long": "",
    "npm_config_maxsockets": "50",
    "npm_config_message": "%s",
    "npm_config_metrics_registry": "https://registry.npmjs.org/",
    "npm_config_node_gyp": "C:\\Users\\matteo.zanda\\AppData\\Roaming\\npm\\node_modules\\npm\\node_modules\\node-gyp\\bin\\node-gyp.js",
    "npm_config_node_options": "",
    "npm_config_node_version": "12.14.1",
    "npm_config_noproxy": "",
    "npm_config_offline": "",
    "npm_config_onload_script": "",
    "npm_config_only": "",
    "npm_config_optional": "true",
    "npm_config_otp": "",
    "npm_config_package_lock": "true",
    "npm_config_package_lock_only": "",
    "npm_config_parseable": "",
    "npm_config_prefer_offline": "",
    "npm_config_prefer_online": "",
    "npm_config_prefix": "C:\\Users\\matteo.zanda\\AppData\\Roaming\\npm",
    "npm_config_preid": "",
    "npm_config_production": "",
    "npm_config_progress": "true",
    "npm_config_proxy": "",
    "npm_config_read_only": "",
    "npm_config_rebuild_bundle": "true",
    "npm_config_registry": "https://registry.npmjs.org/",
    "npm_config_rollback": "true",
    "npm_config_save": "true",
    "npm_config_save_bundle": "",
    "npm_config_save_dev": "",
    "npm_config_save_exact": "",
    "npm_config_save_optional": "",
    "npm_config_save_prefix": "^",
    "npm_config_save_prod": "",
    "npm_config_scope": "",
    "npm_config_scripts_prepend_node_path": "warn-only",
    "npm_config_script_shell": "",
    "npm_config_searchexclude": "",
    "npm_config_searchlimit": "20",
    "npm_config_searchopts": "",
    "npm_config_searchstaleness": "900",
    "npm_config_send_metrics": "",
    "npm_config_shell": "C:\\WINDOWS\\system32\\cmd.exe",
    "npm_config_shrinkwrap": "true",
    "npm_config_sign_git_commit": "",
    "npm_config_sign_git_tag": "",
    "npm_config_sso_poll_frequency": "500",
    "npm_config_sso_type": "oauth",
    "npm_config_strict_ssl": "true",
    "npm_config_tag": "latest",
    "npm_config_tag_version_prefix": "v",
    "npm_config_timing": "",
    "npm_config_tmp": "C:\\Users\\MATTEO~1.ZAN\\AppData\\Local\\Temp",
    "npm_config_umask": "0000",
    "npm_config_unicode": "",
    "npm_config_unsafe_perm": "true",
    "npm_config_update_notifier": "true",
    "npm_config_usage": "",
    "npm_config_user": "",
    "npm_config_userconfig": "C:\\Users\\matteo.zanda\\.npmrc",
    "npm_config_user_agent": "npm/6.13.6 node/v12.14.1 win32 x64",
    "npm_config_version": "",
    "npm_config_versions": "",
    "npm_config_viewer": "browser",
    "npm_execpath": "C:\\Users\\matteo.zanda\\AppData\\Roaming\\npm\\node_modules\\npm\\bin\\npm-cli.js",
    "npm_lifecycle_event": "start",
    "npm_lifecycle_script": "json-server ./server/db.js -c ./server/config",
    "npm_node_execpath": "C:\\Program Files\\nodejs\\node.exe",
    "npm_package_author": "",
    "npm_package_dependencies_currency_js": "^1.0.1",
    "npm_package_dependencies_faker": "^4.1.0",
    "npm_package_dependencies_json_server": "^0.12.1",
    "npm_package_dependencies_lodash": "^4.17.4",
    "npm_package_dependencies_moment": "^2.20.1",
    "npm_package_description": "To launch server type the following command:",
    "npm_package_license": "MIT",
    "npm_package_name": "server-fake-joblab",
    "npm_package_readmeFilename": "README.md",
    "npm_package_scripts_start": "json-server ./server/db.js -c ./server/config",
    "npm_package_version": "1.0.0",
    "NUMBER_OF_PROCESSORS": "8",
    "OneDrive": "C:\\Users\\matteo.zanda\\OneDrive - Accenture",
    "OneDriveCommercial": "C:\\Users\\matteo.zanda\\OneDrive - Accenture",
    "ORIGINAL_PATH": "C:\\Program Files\\Git\\mingw64\\bin;C:\\Program Files\\Git\\usr\\bin;C:\\Users\\matteo.zanda\\bin;C:\\Program Files (x86)\\Common Files\\Oracle\\Java\\javapath;C:\\oraclexe\\app\\oracle\\product\\11.2.0\\server\\bin;C:\\WINDOWS\\system32;C:\\WINDOWS;C:\\WINDOWS\\System32\\Wbem;C:\\WINDOWS\\System32\\WindowsPowerShell\\v1.0;C:\\Program Files\\Git\\cmd;C:\\Program Files\\Java\\jdk1.8.0_231\\bin;C:\\Users\\matteo.zanda\\Desktop\\Java-6_Jboss711\\jdk1.6.0_45\\bin;C:\\apache-maven-3.5.4\\bin;C:\\Program Files\\PuTTY;C:\\Program Files\\nodejs;C:\\Program Files (x86)\\Microsoft SQL Server\\Client SDK\\ODBC\\130\\Tools\\Binn;C:\\Program Files (x86)\\Microsoft SQL Server\\140\\Tools\\Binn;C:\\Program Files (x86)\\Microsoft SQL Server\\140\\DTS\\Binn;C:\\WINDOWS\\System32\\OpenSSH;C:\\Program Files (x86)\\Symantec\\VIP Access Client;C:\\JMeter\\bin;C:\\Program Files\\nodejs;C:\\ProgramData\\chocolatey\\bin;C:\\Program Files\\Intel\\WiFi\\bin;C:\\Program Files\\Common Files\\Intel\\WirelessCommon;C:\\Script;C:\\Users\\matteo.zanda\\AppData\\Local\\Microsoft\\WindowsApps;C:\\Program Files\\Microsoft VS Code\\bin;C:\\Users\\matteo.zanda\\AppData\\Local\\Programs\\Fiddler;C:\\Users\\matteo.zanda\\AppData\\Local\\Microsoft\\WindowsApps;C:\\Users\\matteo.zanda\\AppData\\Roaming\\npm;C:\\Users\\matteo.zanda\\AppData\\Local\\Programs\\Microsoft VS Code\\bin",
    "ORIGINAL_TEMP": "C:/Users/MATTEO~1.ZAN/AppData/Local/Temp",
    "ORIGINAL_TMP": "C:/Users/MATTEO~1.ZAN/AppData/Local/Temp",
    "OS": "Windows_NT",
    "Path": "C:\\Users\\matteo.zanda\\AppData\\Roaming\\npm\\node_modules\\npm\\node_modules\\npm-lifecycle\\node-gyp-bin;C:\\Users\\matteo.zanda\\OneDrive - Accenture\\JOBLAB\\server-fake-joblab\\node_modules\\.bin;C:\\Users\\matteo.zanda\\bin;C:\\Program Files\\Git\\mingw64\\bin;C:\\Program Files\\Git\\usr\\local\\bin;C:\\Program Files\\Git\\usr\\bin;C:\\Program Files\\Git\\usr\\bin;C:\\Program Files\\Git\\mingw64\\bin;C:\\Program Files\\Git\\usr\\bin;C:\\Users\\matteo.zanda\\bin;C:\\Program Files (x86)\\Common Files\\Oracle\\Java\\javapath;C:\\oraclexe\\app\\oracle\\product\\11.2.0\\server\\bin;C:\\WINDOWS\\system32;C:\\WINDOWS;C:\\WINDOWS\\System32\\Wbem;C:\\WINDOWS\\System32\\WindowsPowerShell\\v1.0;C:\\Program Files\\Git\\cmd;C:\\Program Files\\Java\\jdk1.8.0_231\\bin;C:\\Users\\matteo.zanda\\Desktop\\Java-6_Jboss711\\jdk1.6.0_45\\bin;C:\\apache-maven-3.5.4\\bin;C:\\Program Files\\PuTTY;C:\\Program Files\\nodejs;C:\\Program Files (x86)\\Microsoft SQL Server\\Client SDK\\ODBC\\130\\Tools\\Binn;C:\\Program Files (x86)\\Microsoft SQL Server\\140\\Tools\\Binn;C:\\Program Files (x86)\\Microsoft SQL Server\\140\\DTS\\Binn;C:\\WINDOWS\\System32\\OpenSSH;C:\\Program Files (x86)\\Symantec\\VIP Access Client;C:\\JMeter\\bin;C:\\Program Files\\nodejs;C:\\ProgramData\\chocolatey\\bin;C:\\Program Files\\Intel\\WiFi\\bin;C:\\Program Files\\Common Files\\Intel\\WirelessCommon;C:\\Script;C:\\Users\\matteo.zanda\\AppData\\Local\\Microsoft\\WindowsApps;C:\\Program Files\\Microsoft VS Code\\bin;C:\\Users\\matteo.zanda\\AppData\\Local\\Programs\\Fiddler;C:\\Users\\matteo.zanda\\AppData\\Local\\Microsoft\\WindowsApps;C:\\Users\\matteo.zanda\\AppData\\Roaming\\npm;C:\\Users\\matteo.zanda\\AppData\\Local\\Programs\\Microsoft VS Code\\bin;C:\\Program Files\\Git\\usr\\bin\\vendor_perl;C:\\Program Files\\Git\\usr\\bin\\core_perl",
    "PATH": "C:\\Users\\matteo.zanda\\AppData\\Roaming\\npm\\node_modules\\npm\\node_modules\\npm-lifecycle\\node-gyp-bin;C:\\Users\\matteo.zanda\\OneDrive - Accenture\\JOBLAB\\server-fake-joblab\\node_modules\\.bin;C:\\Users\\matteo.zanda\\bin;C:\\Program Files\\Git\\mingw64\\bin;C:\\Program Files\\Git\\usr\\local\\bin;C:\\Program Files\\Git\\usr\\bin;C:\\Program Files\\Git\\usr\\bin;C:\\Program Files\\Git\\mingw64\\bin;C:\\Program Files\\Git\\usr\\bin;C:\\Users\\matteo.zanda\\bin;C:\\Program Files (x86)\\Common Files\\Oracle\\Java\\javapath;C:\\oraclexe\\app\\oracle\\product\\11.2.0\\server\\bin;C:\\WINDOWS\\system32;C:\\WINDOWS;C:\\WINDOWS\\System32\\Wbem;C:\\WINDOWS\\System32\\WindowsPowerShell\\v1.0;C:\\Program Files\\Git\\cmd;C:\\Program Files\\Java\\jdk1.8.0_231\\bin;C:\\Users\\matteo.zanda\\Desktop\\Java-6_Jboss711\\jdk1.6.0_45\\bin;C:\\apache-maven-3.5.4\\bin;C:\\Program Files\\PuTTY;C:\\Program Files\\nodejs;C:\\Program Files (x86)\\Microsoft SQL Server\\Client SDK\\ODBC\\130\\Tools\\Binn;C:\\Program Files (x86)\\Microsoft SQL Server\\140\\Tools\\Binn;C:\\Program Files (x86)\\Microsoft SQL Server\\140\\DTS\\Binn;C:\\WINDOWS\\System32\\OpenSSH;C:\\Program Files (x86)\\Symantec\\VIP Access Client;C:\\JMeter\\bin;C:\\Program Files\\nodejs;C:\\ProgramData\\chocolatey\\bin;C:\\Program Files\\Intel\\WiFi\\bin;C:\\Program Files\\Common Files\\Intel\\WirelessCommon;C:\\Script;C:\\Users\\matteo.zanda\\AppData\\Local\\Microsoft\\WindowsApps;C:\\Program Files\\Microsoft VS Code\\bin;C:\\Users\\matteo.zanda\\AppData\\Local\\Programs\\Fiddler;C:\\Users\\matteo.zanda\\AppData\\Local\\Microsoft\\WindowsApps;C:\\Users\\matteo.zanda\\AppData\\Roaming\\npm;C:\\Users\\matteo.zanda\\AppData\\Local\\Programs\\Microsoft VS Code\\bin;C:\\Program Files\\Git\\usr\\bin\\vendor_perl;C:\\Program Files\\Git\\usr\\bin\\core_perl",
    "PATHEXT": ".COM;.EXE;.BAT;.CMD;.VBS;.VBE;.JSE;.WSF;.WSH;.MSC",
    "PKG_CONFIG_PATH": "C:\\Program Files\\Git\\mingw64\\lib\\pkgconfig;C:\\Program Files\\Git\\mingw64\\share\\pkgconfig",
    "PLINK_PROTOCOL": "ssh",
    "PROCESSOR_ARCHITECTURE": "AMD64",
    "PROCESSOR_IDENTIFIER": "Intel64 Family 6 Model 142 Stepping 10, GenuineIntel",
    "PROCESSOR_LEVEL": "6",
    "PROCESSOR_REVISION": "8e0a",
    "ProgramData": "C:\\ProgramData",
    "PROGRAMFILES": "C:\\Program Files",
    "ProgramFiles(x86)": "C:\\Program Files (x86)",
    "ProgramW6432": "C:\\Program Files",
    "PROMPT": "$P$G",
    "PSModulePath": "C:\\Program Files\\WindowsPowerShell\\Modules;C:\\WINDOWS\\system32\\WindowsPowerShell\\v1.0\\Modules;C:\\Program Files (x86)\\Microsoft Azure Information Protection\\Powershell",
    "PUBLIC": "C:\\Users\\Public",
    "PWD": "C:/Users/matteo.zanda/OneDrive - Accenture/JOBLAB/server-fake-joblab",
    "QIP380": "0",
    "SESSIONNAME": "Console",
    "SHELL": "C:\\Program Files\\Git\\usr\\bin\\bash.exe",
    "SHLVL": "2",
    "SSH_ASKPASS": "C:/Program Files/Git/mingw64/libexec/git-core/git-gui--askpass",
    "SYSTEMDRIVE": "C:",
    "SYSTEMROOT": "C:\\WINDOWS",
    "TEMP": "C:\\Users\\MATTEO~1.ZAN\\AppData\\Local\\Temp",
    "TERM": "xterm",
    "TMP": "C:\\Users\\MATTEO~1.ZAN\\AppData\\Local\\Temp",
    "TMPDIR": "C:\\Users\\MATTEO~1.ZAN\\AppData\\Local\\Temp",
    "UATDATA": "C:\\WINDOWS\\CCM\\UATData\\D9F8C395-CAB8-491d-B8AC-179A1FE1BE77",
    "USERDNSDOMAIN": "DIR.SVC.ACCENTURE.COM",
    "USERDOMAIN": "DIR",
    "USERDOMAIN_ROAMINGPROFILE": "DIR",
    "USERNAME": "matteo.zanda",
    "USERPROFILE": "C:\\Users\\matteo.zanda",
    "WINDIR": "C:\\WINDOWS",
    "_": "C:/Program Files/nodejs/node.exe",
    "_JAVA_OPTIONS": "-Djava.net.preferIPv4Stack=true",
    "_prog": "node"
  },
  "sharedObjects": [
    "C:\\Program Files\\nodejs\\node.exe",
    "C:\\WINDOWS\\SYSTEM32\\ntdll.dll",
    "C:\\WINDOWS\\System32\\KERNEL32.DLL",
    "C:\\WINDOWS\\System32\\KERNELBASE.dll",
    "C:\\WINDOWS\\System32\\SYSFER.DLL",
    "C:\\WINDOWS\\System32\\WS2_32.dll",
    "C:\\WINDOWS\\System32\\RPCRT4.dll",
    "C:\\WINDOWS\\System32\\ADVAPI32.dll",
    "C:\\WINDOWS\\System32\\msvcrt.dll",
    "C:\\WINDOWS\\SYSTEM32\\dbghelp.dll",
    "C:\\WINDOWS\\System32\\sechost.dll",
    "C:\\WINDOWS\\System32\\ucrtbase.dll",
    "C:\\WINDOWS\\System32\\USER32.dll",
    "C:\\WINDOWS\\System32\\win32u.dll",
    "C:\\WINDOWS\\System32\\GDI32.dll",
    "C:\\WINDOWS\\System32\\gdi32full.dll",
    "C:\\WINDOWS\\System32\\msvcp_win.dll",
    "C:\\WINDOWS\\System32\\PSAPI.DLL",
    "C:\\WINDOWS\\System32\\CRYPT32.dll",
    "C:\\WINDOWS\\System32\\MSASN1.dll",
    "C:\\WINDOWS\\System32\\bcrypt.dll",
    "C:\\WINDOWS\\SYSTEM32\\USERENV.dll",
    "C:\\WINDOWS\\System32\\profapi.dll",
    "C:\\WINDOWS\\SYSTEM32\\WINMM.dll",
    "C:\\WINDOWS\\SYSTEM32\\winmmbase.dll",
    "C:\\WINDOWS\\System32\\cfgmgr32.dll",
    "C:\\WINDOWS\\SYSTEM32\\IPHLPAPI.DLL",
    "C:\\WINDOWS\\System32\\bcryptPrimitives.dll",
    "C:\\WINDOWS\\System32\\IMM32.DLL",
    "C:\\Program Files\\Avecto\\Privilege Guard Client\\PGHook.dll",
    "C:\\WINDOWS\\System32\\shell32.dll",
    "C:\\WINDOWS\\System32\\shcore.dll",
    "C:\\WINDOWS\\System32\\combase.dll",
    "C:\\WINDOWS\\System32\\windows.storage.dll",
    "C:\\WINDOWS\\System32\\powrprof.dll",
    "C:\\WINDOWS\\System32\\UMPDC.dll",
    "C:\\WINDOWS\\System32\\shlwapi.dll",
    "C:\\WINDOWS\\System32\\kernel.appcore.dll",
    "C:\\WINDOWS\\System32\\cryptsp.dll",
    "C:\\WINDOWS\\system32\\rsaenh.dll",
    "C:\\WINDOWS\\SYSTEM32\\CRYPTBASE.dll",
    "C:\\WINDOWS\\System32\\QIPCAP64.dll",
    "C:\\WINDOWS\\SYSTEM32\\DNSAPI.dll",
    "C:\\WINDOWS\\System32\\NSI.dll",
    "C:\\WINDOWS\\system32\\uxtheme.dll",
    "C:\\WINDOWS\\system32\\mswsock.dll",
    "C:\\Program Files (x86)\\Konica Minolta\\PrintScout\\AppProfiler.x64.dll",
    "C:\\WINDOWS\\System32\\ole32.dll",
    "C:\\WINDOWS\\System32\\OLEAUT32.dll",
    "C:\\WINDOWS\\SYSTEM32\\WINSPOOL.DRV",
    "C:\\WINDOWS\\SYSTEM32\\VERSION.dll",
    "C:\\WINDOWS\\SYSTEM32\\PROPSYS.dll",
    "C:\\WINDOWS\\WinSxS\\amd64_microsoft.windows.common-controls_6595b64144ccf1df_5.82.18362.1139_none_73b3ffb6d815397f\\Comctl32.dll",
    "C:\\WINDOWS\\SYSTEM32\\ntmarta.dll",
    "C:\\WINDOWS\\SYSTEM32\\dhcpcsvc6.DLL",
    "C:\\WINDOWS\\SYSTEM32\\dhcpcsvc.DLL",
    "C:\\WINDOWS\\system32\\napinsp.dll",
    "C:\\WINDOWS\\system32\\pnrpnsp.dll",
    "C:\\WINDOWS\\System32\\winrnr.dll",
    "C:\\WINDOWS\\system32\\NLAapi.dll",
    "C:\\WINDOWS\\system32\\wshbth.dll"
  ]
}